,,,,,,,,,,,,,,,,,,,,,,,,,,,,,,,,,,,,
Total #= 94,Donor,Acceptor,ratio,Voc (V),Jsc (mA.cm²) or (µA.cm²),FF (%),PCE (%),Solvent,Surface aera (cm2),Donor_HOMO(ev) ,Donor_LUMO(ev),Donor_bandgap(ev),Acceptor_HOMO(ev),Acceptor_LUMO(ev),Acceptor_bandgap(ev),EffectiveEg(eV),Concentration (mg/ml),,,,,,,,,,,,,,,,,,,
,,,,,,,,,,,,,,,,,,,,,,,,,,,,,,,,,,,,
"AM 1,5G ",D18,FCC-Cl,"1  1,5",1.08,16.04,76,13.1,CF,0.059,5.43,3.46,1.97,5.73,3.71,2.02,1.72,7.5,,,,,,,,,,,,,,,,,,,
1000 lux,D18,FCC-Cl,"1  1,5",0.955,123,79.8,29.4,CF,0.059,5.43,3.46,1.97,5.73,3.71,2.02,1.72,7.5,,,,,,,,,,,,,,,,,,,
"AM 1,5G ",PM6,FCC-Cl,1  1,1.02,16.22,78.1,13,"CF + 0,5% DIO",0.059,5.45,3.65,1.89,5.73,3.71,2.02,1.74,10,,,,,,,,,,,,,,,,,,,
1000 lux,PM6,FCC-Cl,1  1,0.895,122.4,81.1,27.9,"CF + 0,5% DIO",0.059,5.45,3.65,1.89,5.73,3.71,2.02,1.74,10,,,,,,,,,,,,,,,,,,,
"AM 1,5G ",D18-Cl,F-BTA3,"1  1,2",1.23,11.6,64.8,9.24,CB,-,5.35,2.7,1.89,5.56,3.49,2.07,1.86,22,,,,,,,,,,,,,,,,,,,
1000 lux,D18-Cl,F-BTA3,"1  1,2",1.08,95.5,72.2,24.7,CB,-,5.35,2.7,1.89,5.56,3.49,2.07,1.86,22,,,,,,,,,,,,,,,,,,,
"AM 1,5G ",J52-Cl,BTA3,1  1,1.243,12.9,66.12,10.6,THF,0.05,5.39,3.45,1.97,5.49,3.73,1.76,1.66,18,,,,,,,,,,,,,,,,,,,
1000 lux,J52-Cl,BTA3,1  1,1.07,96.82,77.4,26.66,THF,0.05,5.39,3.45,1.97,5.49,3.73,1.76,1.66,18,,,,,,,,,,,,,,,,,,,
"AM 1,5G ",PM6 ,GS-ISO,"1  1,3",1.22,11.44,70.46,9.87,CF,0.04,5.45,3.65,1.89,5.51,3.69,1.82,1.76,16,,,,,,,,,,,,,,,,,,,
1000 lux,PM6,GS-ISO,"1  1,3",1.06,102.3,71.8,25.61,CF,0.04,5.45,3.65,1.89,5.51,3.69,1.82,1.76,16,,,,,,,,,,,,,,,,,,,
"AM 1,5G ",PM6 ,GS-ISO,"1  1,3",1.21,11.51,67.64,9.39,O-XY,0.04,5.45,3.65,1.89,5.51,3.69,1.82,1.76,25,,,,,,,,,,,,,,,,,,,
1000 lux,PM6,GS-ISO,"1  1,3",1.08,104.8,69.76,25.84,O-XY,0.04,5.45,3.65,1.89,5.51,3.69,1.82,1.76,25,,,,,,,,,,,,,,,,,,,
"AM 1,5G ",PM6 ,GS-ISO,"1  1,3",1.21,11.69,70.27,9.97,"O-XY + 0,5% DIO",0.04,5.45,3.65,1.89,5.51,3.69,1.82,1.76,25,,,,,,,,,,,,,,,,,,,
1000 lux,PM6,GS-ISO,"1  1,3",1.08,102.8,71.7,26.65,"O-XY + 0,5% DIO",0.04,5.45,3.65,1.89,5.51,3.69,1.82,1.76,25,,,,,,,,,,,,,,,,,,,
"AM 1,5G ",PM6,GS-ISO,"1  1,3",1.21,13.65,70.38,11.62,"O-XY + 0,5% DIO",1,5.45,3.65,1.89,5.51,3.69,1.82,1.76,23,,,,,,,,,,,,,,,,,,,
1000 lux,PM6,GS-ISO,"1  1,3",1.09,101.51,80.36,29.15,"O-XY + 0,5% DIO",1,5.45,3.65,1.89,5.59,3.82,1.77,1.63,23,,,,,,,,,,,,,,,,,,,
"AM 1,5G ",PM6,F-BTA3,1  1,1.2,11.34,66.7,9.08,O-XY,0.04,5.45,3.65,1.89,5.59,3.82,1.77,1.63,16,,,,,,,,,,,,,,,,,,,
1000 lux,PM6,F-BTA3,1  1,1.062,82,70.8,20.35,O-XY,0.04,5.45,3.65,1.89,5.59,3.82,1.77,1.63,16,,,,,,,,,,,,,,,,,,,
"AM 1,5G ",PM6,F-BTA3,1  1,1.204,11.5,69,9.55,O-XY + 15% DBCL (SA),0.04,5.45,3.65,1.89,5.59,3.82,1.77,1.63,16,,,,,,,,,,,,,,,,,,,
1000 lux,PM6,F-BTA3,1  1,1.066,83,71.6,20.91,O-XY + 15% DBCL (SA),0.04,5.45,3.65,1.89,5.59,3.82,1.77,1.63,16,,,,,,,,,,,,,,,,,,,
"AM 1,5G ",PM6,F-BTA3,1  1,1.19,11.49,65.6,8.97,(20%)CS2/O-XY + 15% DBCL,0.04,5.45,3.65,1.89,5.59,3.82,1.77,1.63,16,,,,,,,,,,,,,,,,,,,
1000 lux,PM6,F-BTA3,1  1,1.058,83,71.2,20.63,(20%)CS2/O-XY + 15% DBCL,0.04,5.45,3.65,1.89,5.59,3.82,1.77,1.63,16,,,,,,,,,,,,,,,,,,,
"AM 1,5G ",D18,Cl-BTA5,-,1.16,15.17,67.96,12,-,-,5.51,3.55,1.96,5.71,3.97,1.74,1.54,-,,,,,,,,,,,,,,,,,,,
1000 lux,D18,Cl-BTA5,-,1.019,91.11,68.96,21.2,-,-,5.51,3.55,1.96,5.71,3.97,1.74,1.54,-,,,,,,,,,,,,,,,,,,,
"AM 1,5G ",PM6,Y6-O,"1  1,2",0.94,22.87,77,16.48,CF + 2% CN,-,5.45,3.65,1.8,5.75,3.71,2.04,1.74,17.6,,,,,,,,,,,,,,,,,,,
1010 lux,PM6,Y6-O,"1  1,2",0.83,147,76,30.13,CF + 2% CN,-,5.45,3.65,1.8,5.75,3.71,2.04,1.74,17.6,,,,,,,,,,,,,,,,,,,
"AM 1,5G ",PB2,FCC-Cl,1  1,1.08,17.4,76.9,14.4,"CB + 0,3% DIO",-,5.48,3.42,2.06,5.73,3.71,2.02,1.77,-,,,,,,,,,,,,,,,,,,,
1000 lux,PB2,FCC-Cl,1  1,0.92,123,79.8,29.1,"CB + 0,3% DIO",-,5.48,3.42,2.06,5.73,3.71,2.02,1.77,-,,,,,,,,,,,,,,,,,,,
"AM 1,5G ",PB2,FCC-Cl,1  1,1.08,17.3,77,14.4,"CB + 0,3% DIO",-,5.48,3.42,2.06,5.73,3.71,2.02,1.77,-,,,,,,,,,,,,,,,,,,,
1000 lux,PB2,FCC-Cl,1  1,0.926,126,80.7,30.4,"CB + 0,3% DIO",-,5.48,3.42,2.06,5.73,3.71,2.02,1.77,-,,,,,,,,,,,,,,,,,,,
"AM 1,5G ",TPD-3F,FCC-Cl,"1  1,5",1.12,12.9,65.1,9.6,O-XY,0.16,5.62,3.73,1.9,5.73,3.71,2.02,1.91,20,,,,,,,,,,,,,,,,,,,
1000 lux,TPD-3F,FCC-Cl,"1  1,5",0.95,107.2,69.7,20.1,O-XY,0.16,5.62,3.73,1.9,5.73,3.71,2.02,1.91,20,,,,,,,,,,,,,,,,,,,
"AM 1,5G ",TPD-3F,FCC-Cl,"1  1,5",1.11,13.6,64,10.5,O-XY + 15%Tetralin,0.16,5.62,3.73,1.9,5.73,3.71,2.02,1.91,20,,,,,,,,,,,,,,,,,,,
1000 lux,TPD-3F,FCC-Cl,"1  1,5",0.96,106,71,21.6,O-XY + 15%Tetralin,0.16,5.62,3.73,1.9,5.73,3.71,2.02,1.91,20,,,,,,,,,,,,,,,,,,,
"AM 1,5G ",TPD-3F,FCC-Cl,"1  1,5",1.1,14.4,65,10.9,O-XY + 15%DPE,0.16,5.62,3.73,1.9,5.73,3.71,2.02,1.91,20,,,,,,,,,,,,,,,,,,,
1000 lux,TPD-3F,FCC-Cl,"1  1,5",0.94,107,70,20.8,O-XY + 15%DPE,0.16,5.62,3.73,1.9,5.73,3.71,2.02,1.91,20,,,,,,,,,,,,,,,,,,,
"AM 1,5G ",PM6,IT-4F,-,0.91,15.96,66.41,9.31,CB,0.04,5.45,3.65,1.8,5.66,4.14,1.52,1.31,-,,,,,,,,,,,,,,,,,,,
1000 lux,PM6,IT-4F,-,0.66,118.2,68.06,19.05,CB,0.04,5.45,3.65,1.8,5.66,4.14,1.52,1.31,-,,,,,,,,,,,,,,,,,,,
"AM 1,5G ",PM6,Y6,1  1,0.81,25.06,68.89,13.9,CB,0.04,5.45,3.65,1.89,5.6,4.1,1.5,1.35,-,,,,,,,,,,,,,,,,,,,
500 lux,PM6,Y6,1  1,0.64,71.55,72.4,23.78,CB,0.04,5.45,3.65,1.89,5.6,4.1,1.5,1.35,-,,,,,,,,,,,,,,,,,,,
"AM 1,5G ",PM6,Y6,"1  1,2",0.836,26,76.9,16.8,"CF + 0,5% CN",0.04,5.45,3.65,1.89,5.6,4.1,1.5,1.35,7.5,,,,,,,,,,,,,,,,,,,
500 lux,PM6,Y6,"1  1,2",0.7,62.9,78.9,20.9,"CF + 0,5% CN",0.04,5.45,3.65,1.89,5.6,4.1,1.5,1.35,7.5,,,,,,,,,,,,,,,,,,,
"AM 1,5G ",PB2,FCC-Cl,1  1,1.06,17.6,77,14.4,"CB + 0,5% DIO",0.04,5.48,3.42,2.06,5.73,3.71,2.02,1.77,10,,,,,,,,,,,,,,,,,,,
500 lux,PB2,FCC-Cl,1  1,0.909,63.8,78.9,29,"CB + 0,5% DIO",0.04,5.48,3.42,2.06,5.73,3.71,2.02,1.77,10,,,,,,,,,,,,,,,,,,,
"AM 1,5G ",PM6,IT-4F,1  1,0.872,20.4,68.7,12.2,CB + 1% DIO,1.07,5.45,3.65,1.8,5.66,4.14,1.52,1.31,10,,,,,,,,,,,,,,,,,,,
1000 lux,PM6,IT-4F,1  1,0.712,113,78,20.8,CB + 1% DIO,1.07,5.45,3.65,1.8,5.66,4.14,1.52,1.31,10,,,,,,,,,,,,,,,,,,,
"AM 1,5G ",PM6,ITCC,1  1,1.1,14.5,64.3,10.3,"CB + 0,5% DIO",1.07,5.45,3.65,1.8,5.47,3.76,1.71,1.69,10,,,,,,,,,,,,,,,,,,,
1000 lux,PM6,ITCC,1  1,0.962,95.8,75.2,22,"CB + 0,5% DIO",1.07,5.45,3.65,1.8,5.47,3.76,1.71,1.69,10,,,,,,,,,,,,,,,,,,,
"AM 1,5G ",PTQ10,IDIC,"1  1,5",0.97,16.6,65.8,10.6,CF,-,5.54,2.98,2.56,5.89,3.65,2.24,1.89,25,,,,,,,,,,,,,,,,,,,
1000 lux,PTQ10,IDIC,"1  1,5",0.78,110,69.3,18.5,CF,-,5.54,2.98,2.56,5.89,3.65,2.24,1.89,25,,,,,,,,,,,,,,,,,,,
"AM 1,5G ",PTQ10,O-IDFBR,"1  1,5",1.35,9.06,56.05,6.87,CB,0.8,5.54,2.98,2.56,5.75,3.7,2.05,1.84,20,,,,,,,,,,,,,,,,,,,
560 lux,PTQ10,O-IDFBR,"1  1,5",1.21,57.7,58.5,22.6,CB,0.8,5.54,2.98,2.56,5.75,3.7,2.05,1.84,20,,,,,,,,,,,,,,,,,,,
"AM 1,5G ",PBDB-T,BTA3,1  1,1.124,13.1,54.4,8.01,"CF + 0,5% CN",0.04,5.33,2.92,2.41,5.49,3.73,1.76,1.6,20,,,,,,,,,,,,,,,,,,,
1000 lux,PBDB-T,BTA3,1  1,0.99,95.8,71.8,23.3,"CF + 0,5% CN",0.16,5.33,2.92,2.41,5.49,3.73,1.76,1.6,20,,,,,,,,,,,,,,,,,,,
"AM 1,5G ",PM6,BTA3,1  1,1.276,7.6,55.2,5.35,"CF + 0,5% CN",0.04,5.45,3.65,1.8,5.49,3.73,1.76,1.72,20,,,,,,,,,,,,,,,,,,,
1000 lux,PM6,BTA3,1  1,1.12,65,67.1,15.9,"CF + 0,5% CN",0.16,5.45,3.65,1.8,5.49,3.73,1.76,1.72,20,,,,,,,,,,,,,,,,,,,
"AM 1,5G ",PB4,FTCC-Br,1  1,1.09,17.9,76.14,14.79,"CB + 0,5% DIO",0.06,5.55,3.48,2.06,5.59,3.82,1.77,1.73,20,,,,,,,,,,,,,,,,,,,
1000 lux,PB4,FTCC-Br,1  1,0.967,119.87,82,31.09,"CB + 0,5% DIO",1,5.55,3.48,2.06,5.59,3.82,1.77,1.73,20,,,,,,,,,,,,,,,,,,,
"AM 1,5G ",PB2,FTCC-Br,1  1,1.05,17.9,78.8,14.8,"CB + 0,5% DIO",0.06,5.48,3.42,2.06,5.59,3.82,1.77,1.66,20,,,,,,,,,,,,,,,,,,,
1000 lux,PB2,FTCC-Br,1  1,0.943,123.8,81.1,30.2,"CB + 0,5% DIO",1,5.48,3.42,2.06,5.59,3.82,1.77,1.66,20,,,,,,,,,,,,,,,,,,,
"AM 1,5G ",PB2,ITCC,1  1,1.08,15.7,65.4,11,"CB + 0,5% DIO",0.06,5.48,3.42,2.06,5.62,3.77,1.85,1.71,20,,,,,,,,,,,,,,,,,,,
1000 lux,PB2,ITCC,1  1,0.951,109.3,76.6,25.4,"CB + 0,5% DIO",1,5.48,3.42,2.06,5.62,3.77,1.85,1.71,20,,,,,,,,,,,,,,,,,,,
"AM 1,5G ",PM6,Y6,"1  1,2",0.822,25.2,73.2,15.3,"CF + 0,5% CN",0.045,5.45,3.65,1.8,5.6,4.1,1.5,1.35,16,,,,,,,,,,,,,,,,,,,
1000 lux,PM6,Y6,"1  1,2",0.706,139.8,72.9,31.4,"CF + 0,5% CN",0.045,5.45,3.65,1.8,5.6,4.1,1.5,1.35,16,,,,,,,,,,,,,,,,,,,
"AM 1,5G ",PM6,IO-4Cl,,1.24,11.6,68.1,9.8,,,5.45,3.65,1.8,5.72,3.83,1.89,1.62,,,,,,,,,,,,,,,,,,,,
1000 lux,PM6,IO-4Cl,,1.09,85.4,78.9,23.1,,,5.45,3.65,1.8,5.72,3.83,1.89,1.62,,,,,,,,,,,,,,,,,,,,
"AM 1,5G ",S2,LBT-DF,-,0.944,18.8,75.2,13.35,CF,0.059,5.58,3.73,1.85,5.82,4.01,1.64,1.57,-,,,,,,,,,,,,,,,,,,,
1000 lux,S2,LBT-DF,-,0.802,126.3,75.9,24.2,CF,0.059,5.58,3.73,1.85,5.82,4.01,1.64,1.57,-,,,,,,,,,,,,,,,,,,,
"AM 1,5G ",S2,LBT-SCl,-,0.997,18.45,72.3,13.3,CF,0.059,5.58,3.73,1.85,5.75,3.96,1.62,1.62,-,,,,,,,,,,,,,,,,,,,
1000 lux,S2,LBT-SCl,-,0.864,125,74.1,25.1,CF,0.059,5.58,3.73,1.85,5.75,3.96,1.62,1.62,-,,,,,,,,,,,,,,,,,,,
"AM 1,5G ",D18,FCC-Cl-C8,"1  1,5",1.07,16.15,76.08,13.17,CF,-,5.51,3.53,1.98,5.73,3.76,1.97,1.75,10,,,,,,,,,,,,,,,,,,,
1000 lux,D18,FCC-Cl-C8,"1  1,5",0.947,110,79.3,28.4,CF,-,5.51,3.53,1.98,5.73,3.76,1.97,1.75,10,,,,,,,,,,,,,,,,,,,
"AM 1,5G ",D18,FCC-Cl-4Ph,"1  1,5",1.1,15.87,75.44,13.12,CF,-,5.51,3.53,1.98,5.75,3.74,2.01,1.77,10,,,,,,,,,,,,,,,,,,,
1000 lux,D18,FCC-Cl-4Ph,"1  1,5",0.972,110.5,79,29.3,CF,-,5.51,3.53,1.98,5.75,3.74,2.01,1.77,10,,,,,,,,,,,,,,,,,,,
"AM 1,5G ",D18,FCC-Cl-6Ph,"1  1,5",1.13,13.49,61.21,9.32,CF,-,5.51,3.53,1.98,5.75,3.7,2.05,1.81,10,,,,,,,,,,,,,,,,,,,
1000 lux,D18,FCC-Cl-6Ph,"1  1,5",0.996,94.2,69.8,22.6,CF,-,5.51,3.53,1.98,5.75,3.7,2.05,1.81,10,,,,,,,,,,,,,,,,,,,
"AM 1,5G ",CD1,PBN-10,1  1,1.29,10.1,60.8,7.93,CF + 2% CN,0.08,5.28,2.91,2.37,5.81,3.42,2.39,1.86,6,,,,,,,,,,,,,,,,,,,
1000 lux,CD1,PBN-10,1  1,1.14,105,65.4,21.7,CF + 2% CN,0.08,5.28,2.91,2.37,5.81,3.42,2.39,1.86,6,,,,,,,,,,,,,,,,,,,
"AM 1,5G ",CD1,ITIC,1  1,0.91,16.39,58.3,8.69,CF,0.08,5.28,2.91,2.37,5.48,3.83,1.65,1.45,12,,,,,,,,,,,,,,,,,,,
1000 lux,CD1,ITIC,1  1,0.77,107,67.5,15.4,CF,0.08,5.28,2.91,2.37,5.48,3.83,1.65,1.45,12,,,,,,,,,,,,,,,,,,,
"AM 1,5G ",PTQ10,IDIC,"1  1,5",1,14,59,9.9,CF,0.0115,5.54,2.98,2.56,5.33,3.53,1.8,2.01,27.5,,,,,,,,,,,,,,,,,,,
1200 lux,PTQ10,IDIC,"1  1,5",0.84,120,56,18,CF,0.0115,5.54,2.98,2.56,5.33,3.53,1.8,2.01,27.5,,,,,,,,,,,,,,,,,,,
"AM 1,5G ",PTQ10,IDIC-Br,"1  1,5",0.92,16.3,65,10.8,CF,0.0115,5.54,2.98,2.56,5.9,4.07,1.83,1.47,27.5,,,,,,,,,,,,,,,,,,,
1200 lux,PTQ10,IDIC-Br,"1  1,5",0.73,150,64,22,CF,0.0115,5.54,2.98,2.56,5.9,4.07,1.83,1.47,27.5,,,,,,,,,,,,,,,,,,,
"AM 1,5G ",PTQ10,IDIC-S,"1  1,5",0.92,14.5,64,9.2,CF,0.0115,5.54,2.98,2.56,5.41,3.63,1.78,1.91,27.5,,,,,,,,,,,,,,,,,,,
1200 lux,PTQ10,IDIC-S,"1  1,5",0.76,104,59,15,CF,0.0115,5.54,2.98,2.56,5.41,3.63,1.78,1.91,27.5,,,,,,,,,,,,,,,,,,,
"AM 1,5G ",PM6,ITCC,1  1,1.1,13.3,67.1,8.43,CB + 1% DIO,1.07,5.45,3.65,1.8,5.47,3.76,1.71,1.69,20,,,,,,,,,,,,,,,,,,,
1000 lux,PM6,ITCC,1  1,0.962,95.8,72.2,22,CB + 1% DIO,1.07,5.45,3.65,1.8,5.47,3.76,1.71,1.69,20,,,,,,,,,,,,,,,,,,,
"AM 1,5G ",PM6,IT-4F,1  1,0.872,20.4,68.7,12.2,CB + 1% DIO,1.07,5.45,3.65,1.8,5.66,4.14,1.52,1.31,20,,,,,,,,,,,,,,,,,,,
1000 lux,PM6,IT-4F,1  1,0.712,113,78,20.8,CB + 1% DIO,1.07,5.45,3.65,1.8,5.66,4.14,1.52,1.31,20,,,,,,,,,,,,,,,,,,,
"AM 1,5G ",CD1,N2200,2  1,0.91,9.61,58.6,5.12,CF + 1% DIO,0.08,5.28,2.91,2.37,5.77,3.84,1.93,1.44,9,,,,,,,,,,,,,,,,,,,
1000 lux,CD1,N2200,2  1,0.76,87,69,12.5,CF+ 1% DIO,0.08,5.28,2.91,2.37,5.77,3.84,1.93,1.44,9,,,,,,,,,,,,,,,,,,,
"AM 1,5G ",CD1,PBN-14,"1  1,5",1.21,11.15,58.4,7.88,CB,0.08,5.28,2.91,2.37,5.58,3.53,2.05,1.75,10,,,,,,,,,,,,,,,,,,,
1000 lux,CD1,PBN-14,"1  1,5",1.06,116,62.6,21.39,CB,0.08,5.28,2.91,2.37,5.58,3.53,2.05,1.75,10,,,,,,,,,,,,,,,,,,,
"AM 1,5G ",CD1,PBN-10,1  1,1.28,9.71,55.2,6.86,CF + 2% CN,0.08,5.28,2.91,2.37,5.81,3.42,2.39,1.86,6,,,,,,,,,,,,,,,,,,,
1000 lux,CD1,PBN-10,1  1,1.12,94,59.7,17.5,CF + 2% CN,0.08,5.28,2.91,2.37,5.81,3.42,2.39,1.86,6,,,,,,,,,,,,,,,,,,,
"AM 1,5G ",PM7,IO-4Cl,1  1,,,,,TL,0.04,5.52,3.67,1.85,5.72,3.83,1.89,1.69,20,,,,,,,,,,,,,,,,,,,
1000 lux,PM7,IO-4Cl,1  1,1.04,66.12,44,9.46,TL,0.04,5.52,3.67,1.85,5.72,3.83,1.89,1.69,20,,,,,,,,,,,,,,,,,,,
"AM 1,5G ",PM7,IT-4F,1  1,0.9,16.39,58,8.65,TL,0.04,5.52,3.67,1.85,5.71,4.16,1.55,1.36,20,,,,,,,,,,,,,,,,,,,
1000 lux,PM7,IT-4F,1  1,0.74,90.51,69,14.44,TL,0.04,5.52,3.67,1.85,5.71,4.16,1.55,1.36,20,,,,,,,,,,,,,,,,,,,
"AM 1,5G ",PM7,Y6-BO (Y12),1  1,,,,,TL,0.04,5.52,3.67,1.85,5.68,4.06,1.62,1.46,20,,,,,,,,,,,,,,,,,,,
1000 lux,PM7,Y6-BO (Y12),1  1,0.69,84.44,70,12.74,TL,0.04,5.52,3.67,1.85,5.68,4.06,1.62,1.46,20,,,,,,,,,,,,,,,,,,,
"AM 1,5G ",PJ-50,IO-4Cl,1  1,,,,,TL,0.04,5.5,3.59,1.91,5.72,3.83,1.89,1.67,20,,,,,,,,,,,,,,,,,,,
1000 lux,PJ-50,IO-4Cl,1  1,1.02,71.73,65,14.86,TL,0.04,5.5,3.59,1.91,5.72,3.83,1.89,1.67,20,,,,,,,,,,,,,,,,,,,
"AM 1,5G ",PJ-50,IT-4F,1  1,0.86,19.68,67,11.34,TL,0.04,5.5,3.59,1.91,5.71,4.16,1.55,1.34,20,,,,,,,,,,,,,,,,,,,
1000 lux,PJ-50,IT-4F,1  1,0.71,103.97,74,17.17,TL,0.04,5.5,3.59,1.91,5.71,4.16,1.55,1.34,20,,,,,,,,,,,,,,,,,,,
"AM 1,5G ",PJ-50,Y6-BO (Y12),1  1,,,,,TL,0.04,5.5,3.59,1.91,5.68,4.06,1.62,1.44,20,,,,,,,,,,,,,,,,,,,
1000 lux,PJ-50,Y6-BO (Y12),1  1,0.7,85.86,71,13.39,TL,0.04,5.5,3.59,1.91,5.68,4.06,1.62,1.44,20,,,,,,,,,,,,,,,,,,,
"AM 1,5G ",J52-Cl,IO-4Cl,1  1,,,,,TL,0.04,5.46,3.5,1.96,5.72,3.83,1.89,1.63,20,,,,,,,,,,,,,,,,,,,
1000 lux,J52-Cl,IO-4Cl,1  1,0.87,79.28,53,11.42,TL,0.04,5.46,3.5,1.96,5.72,3.83,1.89,1.63,20,,,,,,,,,,,,,,,,,,,
"AM 1,5G ",J52-Cl,IT-4F,1  1,0.77,19.04,60,8.77,TL,0.04,5.46,3.5,1.96,5.71,4.16,1.55,1.3,20,,,,,,,,,,,,,,,,,,,
1000 lux,J52-Cl,IT-4F,1  1,0.61,88.28,69,11.61,TL,0.04,5.46,3.5,1.96,5.71,4.16,1.55,1.3,20,,,,,,,,,,,,,,,,,,,
"AM 1,5G ",J52-Cl,Y6-BO (Y12),1  1,,,,,TL,0.04,5.46,3.5,1.96,5.68,4.06,1.62,1.4,20,,,,,,,,,,,,,,,,,,,
1000 lux,J52-Cl,Y6-BO (Y12),1  1,0.62,85.41,59,9.76,TL,0.04,5.46,3.5,1.96,5.68,4.06,1.62,1.4,20,,,,,,,,,,,,,,,,,,,
"AM 1,5G ",PBQx-TCl,BTP-eC9,"1  1,2",0.82,26,75.2,16,"TL + 0,5% DIO",1,5.39,2.86,2.53,5.52,4,1.52,1.39,12,,,,,,,,,,,,,,,,,,,
1000 lux,PBQx-TCl,BTP-eC9,"1  1,2",0.69,118.9,76.4,20.8,"TL + 0,5% DIO",1,5.39,2.86,2.53,5.52,4,1.52,1.39,12,,,,,,,,,,,,,,,,,,,
"AM 1,5G ",PM6,L8-BO,"1  1,2",0.848,23.8,71.1,14.3,"CF + 0,5 % CN",0.045,5.45,3.65,1.8,5.68,3.92,1.76,1.53,16,,,,,,,,,,,,,,,,,,,
1000 lux,PM6,L8-BO,"1  1,2",0.734,122.8,72.6,25.5,"CF + 0,5 % CN",0.045,5.45,3.65,1.8,5.68,3.92,1.76,1.53,16,,,,,,,,,,,,,,,,,,,
"AM 1,5G ",PBz-ET,Y6,"1  1,2",0.87,21.58,60,11.3,"CF + 0,5 % CN",0.05,5.58,3.68,1.9,5.65,4.02,1.63,1.56,12,,,,,,,,,,,,,,,,,,,
1000 lux,PBz-ET,Y6,"1  1,2",0.71,98.9,69,15.8,"CF + 0,5 % CN",0.05,5.58,3.68,1.9,5.65,4.02,1.63,1.56,12,,,,,,,,,,,,,,,,,,,
"AM 1,5G ",PBDB-TS-4Cl,IT-4F,"1  0,8",0.85,21.28,70.2,12.7,CB + 1% DIO,0.044,5.61,3.79,1.82,5.66,4.14,1.52,1.47,8,,,,,,,,,,,,,,,,,,,
1000 lux,PBDB-TS-4Cl,IT-4F,"1  0,8",0.66,129.3,74.3,20.7,CB + 1% DIO,0.044,5.61,3.79,1.82,5.66,4.14,1.52,1.47,8,,,,,,,,,,,,,,,,,,, 
"AM 1,5G ",PM6,PYFO-T,"1  1,2",0.981,18.8,63,11.6,CF + 1 % CN,-,5.45,3.65,1.8,5.69,3.69,2,1.76,7,,,,,,,,,,,,,,,,,,,
1000 lux,PM6,PYFO-T,"1  1,2",0.865,106.9,68.9,20,CF + 1 % CN,-,5.45,3.65,1.8,5.69,3.69,2,1.76,7,,,,,,,,,,,,,,,,,,,
"AM 1,5G ",PM6,PYFO-V,"1  1,2",0.97,22.8,71.1,15.7,CF + 1 % CN,-,5.45,3.65,1.8,5.71,3.73,1.98,1.72,7,,,,,,,,,,,,,,,,,,,
1000 lux,PM6,PYFO-V,"1  1,2",0.829,131.9,75.4,25.9,CF + 1 % CN,-,5.45,3.65,1.8,5.71,3.73,1.98,1.72,7,,,,,,,,,,,,,,,,,,,
"AM 1,5G ",PBDB-DMO-4Cl,Y6,"1  1,2",0.892,28.7,56.4,14.4,"CF + 0,5 % CN",0.1,5.39,3.58,1.81,5.66,4.25,1.41,1.14,16,,,,,,,,,,,,,,,,,,,
1000 lux,PBDB-DMO-4Cl,Y6,"1  1,2",0.696,190,74.4,30.1,"CF + 0,5 % CN",0.1,5.39,3.58,1.81,5.66,4.25,1.41,1.14,16,,,,,,,,,,,,,,,,,,,
"AM 1,5G ",PB2,F-BTA3,1  1,1.22,13.5,69.3,11.4,"CB + 0,5% DIO",0.062,5.48,3.42,2.06,5.59,3.82,1.77,1.66,10,,,,,,,,,,,,,,,,,,,
1000 lux,PB2,F-BTA3,1  1,1.08,98.1,78.8,27.1,"CB + 0,5% DIO",0.062,5.48,3.42,2.06,5.59,3.82,1.77,1.66,10,,,,,,,,,,,,,,,,,,,
"AM 1,5G ",PPDT2FBT,ITIC-M,"1  1,5",0.9,12.52,59,6.7,OX-Y + 1 % DPE,0.09,5.3,3.5,1.8,5.5,3.7,1.8,1.6,20,,,,,,,,,,,,,,,,,,,
1000 lux,PPDT2FBT,ITIC-M,"1  1,5",0.63,77.4,54.4,8.9,OX-Y + 1 % DPE,0.09,5.3,3.5,1.8,5.5,3.7,1.8,1.6,20,,,,,,,,,,,,,,,,,,,
"AM 1,5G ",PPDT2FBT,ITIC-F,"1  1,5",0.77,17.73,61,8.35,OX-Y + 1 % DPE,0.09,5.3,3.5,1.8,5.4,3.9,1.5,1.4,20,,,,,,,,,,,,,,,,,,,
1000 lux,PPDT2FBT,ITIC-F,"1  1,5",0.45,96.9,37.2,5.4,OX-Y + 1 % DPE,0.09,5.3,3.5,1.8,5.4,3.9,1.5,1.4,20,,,,,,,,,,,,,,,,,,,
"AM 1,5G ",PPDT2FBT,tPDI2N-eh,"1  1,5",1.02,9.48,48,4.66,"OX-Y + 0,75 % DPE",0.09,5.3,3.5,1.8,5.9,3.6,2.3,1.7,20,,,,,,,,,,,,,,,,,,,
1000 lux,PPDT2FBT,tPDI2N-eh,"1  1,5",0.84,66.8,51,9.6,"OX-Y + 0,75 % DPE",0.09,5.3,3.5,1.8,5.9,3.6,2.3,1.7,20,,,,,,,,,,,,,,,,,,,
"AM 1,5G ",PTVT-T,ITCC,-,1.08,14.3,62.06,9.6,-,1,5.38,3.01,2.37,5.58,3.77,1.81,1.61,-,,,,,,,,,,,,,,,,,,,
1000 lux,PTVT-T,ITCC,-,0.967,103.06,76.72,24.27,-,1,5.38,3.01,2.37,5.58,3.77,1.81,1.61,-,,,,,,,,,,,,,,,,,,,
"AM 1,5G ",PTVT-V,ITCC,-,1.04,4.76,36.85,1.81,-,1,5.36,3.1,2.26,5.58,3.77,1.81,1.59,-,,,,,,,,,,,,,,,,,,,
1000 lux,PTVT-V,ITCC,-,0.856,41.08,45.54,5.1,-,1,5.36,3.1,2.26,5.58,3.77,1.81,1.59,-,,,,,,,,,,,,,,,,,,,
"AM 1,5G ",PBDB-T,N2200,"1  1,2","0,,86",13.74,68.78,8.12,CF + 1 % DIO,0.125,5.33,2.92,2.41,5.9,4.3,1.6,1.03,,,,,,,,,,,,,,,,,,,,
1000 lux,PBDB-T,N2200,"1  1,2",0.7,89.08,70.46,14.54,CF + 1 % DIO,0.125,5.33,2.92,2.41,5.9,4.3,1.6,1.03,,,,,,,,,,,,,,,,,,,,
"AM 1,5G ",PM6,IT-4F,1  1,0.85,19.23,73.71,12.13,"CB + 0,5% DIO","0, 048",5.45,3.65,1.8,5.66,4.14,1.52,1.31,,,,,,,,,,,,,,,,,,,,
1000 lux,PM6,IT-4F,1  1,0.671,94.59,71.48,15.03,"CB + 0,5% DIO",0.048,5.45,3.65,1.8,5.66,4.14,1.52,1.31,,,,,,,,,,,,,,,,,,,,
"AM 1,5G ",PM6,HD-4Cl,"1  1,2",0.854,25.4,72.3,15.7,"CF + 0,3 % DIO",0.09,5.45,3.65,1.8,5.68,4.09,1.59,1.36,16.5,,,,,,,,,,,,,,,,,,,
1000 lux,PM6,HD-4Cl,"1  1,2",0.69,123.5,72,19.9,"CF + 0,3 % DIO",0.09,5.45,3.65,1.8,5.68,4.09,1.59,1.36,16.5,,,,,,,,,,,,,,,,,,,
"AM 1,5G ",PM6,HDO-4Cl,"1  1,2",0.94,21.1,76,15.6,"CF + 0,3 % DIO",0.09,5.45,3.65,1.8,5.7,3.91,1.79,1.54,16.5,,,,,,,,,,,,,,,,,,,
1000 lux,PM6,HDO-4Cl,"1  1,2",0.793,120.2,75.7,23.4,"CF + 0,3 % DIO",0.09,5.45,3.65,1.8,5.7,3.91,1.79,1.54,16.5,,,,,,,,,,,,,,,,,,,
"AM 1,5G ",D18,GWQ20,"1  1,2",0.968,22.24,74.1,15.95,O-XY,0.042,5.51,2.77,2.74,5.74,3.78,1.96,1.73,22,,,,,,,,,,,,,,,,,,,
1000 lux,D18,GWQ20,"1  1,2",0.792,124,67.4,20.8,O-XY,0.042,5.51,2.77,2.74,5.74,3.78,1.96,1.73,22,,,,,,,,,,,,,,,,,,,
"AM 1,5G ",D18,Z3,"1  1,2",1.013,9.55,48.4,4.68,O-XY,0.042,5.51,2.77,2.74,5.6,3.76,1.84,1.75,22,,,,,,,,,,,,,,,,,,,
1000 lux,D18,Z3,"1  1,2",0.823,61,54.2,8.6,O-XY,0.042,5.51,2.77,2.74,5.6,3.76,1.84,1.75,22,,,,,,,,,,,,,,,,,,,
"AM 1,5G ",D18,Z4,"1  1,2",1.001,19.08,61.4,11.73,O-XY,0.042,5.51,2.77,2.74,5.55,3.85,1.7,1.66,22,,,,,,,,,,,,,,,,,,,
1000 lux,D18,Z4,"1  1,2",0.855,103,65.2,18.1,O-XY,0.042,5.51,2.77,2.74,5.55,3.85,1.7,1.66,22,,,,,,,,,,,,,,,,,,,
"AM 1,5G ",D18,Z5,"1  1,2",1.008,18.85,60.5,11.5,O-XY,0.042,5.51,2.77,2.74,5.58,3.78,1.8,1.73,22,,,,,,,,,,,,,,,,,,,
1000 lux,D18,Z5,"1  1,2",0.841,97,57.7,14.8,O-XY,0.042,5.51,2.77,2.74,5.58,3.78,1.8,1.73,22,,,,,,,,,,,,,,,,,,,